Turma ID,Turma,Curso ID,Professor ID,Capacidade,Matriculados,Sala,Status,Tipo,Início,Término Previsto
426,20/FMA 06,52,102711,45,0,Sala 02,Concluída,Não especificado,2020-08-01,2021-07-24
427,20/Adm 10 A,54,138261,25,0,Sala 01,Concluída,Não especificado,2020-08-06,2022-05-12
428,20/Adm 10 I,54,120288,25,0,Lab 01,Concluída,Não especificado,2020-08-06,2022-05-19
429,20/Adm 10 P,54,151226,25,0,Sala 02,Concluída,Não especificado,2020-08-06,2022-10-06
430,20/Eng 03,53,133425,20,0,Sala 01,Concluída,Não especificado,2020-09-14,2022-08-15
433,19/FMA 08,52,102711,30,0,Sala 02,Concluída,Não especificado,2020-08-04,2020-12-15
434,20/FMA 04,52,102711,30,0,Sala 02,Concluída,Não especificado,2020-08-04,2021-04-06
435,19/FMA 09,52,102711,30,0,Sala 02,Concluída,Não especificado,2020-08-05,2020-12-16
436,20/FMA 03,52,102711,30,0,Sala 02,Concluída,Não especificado,2020-08-05,2021-03-24
437,19/FMA 07,52,102711,30,0,Sala 02,Concluída,Não especificado,2020-08-05,2020-08-26
438,20/FMA 02,52,102711,30,0,Sala 02,Concluída,Não especificado,2020-08-06,2021-03-18
439,20/FMA 01,52,102711,30,0,Sala 02,Concluída,Não especificado,2020-08-06,2020-12-17
440,20/FMA 05,52,102711,30,0,Sala 02,Concluída,Não especificado,2020-08-01,2021-04-10
441,19/Eng 09,53,102715,20,0,Sala 01,Concluída,Não especificado,2020-08-03,2022-02-28
442,19/ENG 04,53,102714,20,0,Sala 01,Concluída,Não especificado,2020-08-04,2021-01-12
443,20/ENG 01,53,102714,20,0,Sala 01,Concluída,Não especificado,2020-08-04,2021-03-16
444,19/ENG 02,53,102714,20,0,Sala 01,Junção,Não especificado,2020-08-04,2021-07-13
445,19/ENG 07,53,102714,20,0,Sala 01,Concluída,Não especificado,2020-08-05,2021-08-18
446,19/ENG 05,53,102714,20,0,Sala 01,Concluída,Não especificado,2020-08-05,2021-03-10
447,18/ENG 03,53,102714,20,0,Sala 01,Concluída,Não especificado,2020-08-05,2021-01-13
448,20/Eng 02,53,102714,20,0,Sala 01,Extinta,Não especificado,2020-08-06,2021-11-18
449,19/ENG 03,53,102714,20,0,Sala 01,Concluída,Não especificado,2020-08-06,2021-03-04
450,19/Eng 06,53,102714,,0,Sala 01,Concluída,Não especificado,2020-08-06,2021-06-24
451,19/ENG 01,53,102714,20,0,Sala 01,Concluída,Não especificado,2020-08-01,2021-03-20
452,19/Eng 08,53,102714,20,0,Sala 01,Concluída,Não especificado,2020-08-01,2022-01-22
453,19/Adm 06 A,54,102712,25,0,Sala 01,Concluída,Não especificado,2020-08-04,2020-10-20
454,19/Adm 06 I,54,102709,25,0,Lab 01,Concluída,Não especificado,2020-08-04,2020-10-20
455,19/Adm 06 P,54,102710,25,0,Sala 02,Concluída,Não especificado,2020-08-04,2020-10-20
459,19/Adm 09 A,54,102712,25,0,Sala 01,Concluída,Não especificado,2020-08-04,2021-01-12
460,19/Adm 01 A,54,102712,25,0,Sala 01,Concluída,Não especificado,2019-01-16,2019-01-16
461,19/Adm 02 A,54,102712,25,0,Sala 01,Concluída,Não especificado,2020-08-01,2020-10-17
463,19/Adm 01 I,54,102709,25,0,Lab 01,Concluída,Não especificado,2019-01-16,2019-01-16
464,19/Adm 09 I,54,102709,25,0,Lab 01,Concluída,Não especificado,2020-08-04,2020-11-17
465,19/Adm 02 I,54,102709,25,0,Lab 01,Concluída,Não especificado,2020-08-01,2020-10-17
466,19/Adm 01 P,54,102710,25,0,Sala 02,Concluída,Não especificado,2019-01-16,2019-01-16
467,19/Adm 09 P,54,102710,25,0,Sala 02,Concluída,Não especificado,2020-08-04,2020-11-17
468,19/Adm 02 P,54,102710,25,0,Sala 02,Concluída,Não especificado,2020-08-01,2020-10-31
469,20/Adm 01 A,54,102712,25,0,Sala 01,Extinta,Não especificado,2020-08-05,2020-09-16
470,19/Adm 07 A,54,102712,25,0,Sala 01,Concluída,Não especificado,2020-08-01,2020-11-07
471,20/Adm 03 A,54,102712,25,0,Sala 01,Junção,Não especificado,2020-08-04,2021-06-08
472,20/Adm 01 I,54,102709,25,0,Lab 01,Extinta,Não especificado,2020-08-05,2021-01-20
473,19/Adm 07 I,54,102709,25,0,Lab 01,Concluída,Não especificado,2020-08-01,2020-11-07
474,20/Adm 01 P,54,102710,25,0,Sala 02,Junção,Não especificado,2020-08-05,2020-11-04
475,20/Adm 03 I,54,102709,25,0,Lab 01,Junção,Não especificado,2020-08-04,2021-10-05
476,19/Adm 07 P,54,102710,25,0,Sala 02,Concluída,Não especificado,2020-08-01,2020-11-07
477,19/Adm 03 A,54,102712,25,0,Sala 01,Concluída,Não especificado,2019-02-13,2019-02-13
478,19/Adm 12 A,54,120289,25,0,Sala 01,Concluída,Não especificado,2020-08-01,2021-07-03
479,20/Adm 03 P,54,102701,25,0,Sala 02,Junção,Não especificado,2020-08-04,2021-09-14
480,19/Adm 03 I,54,102709,25,0,Lab 01,Concluída,Não especificado,2019-02-13,2019-02-13
481,19/Adm 12 I,54,120288,25,0,Lab 01,Concluída,Não especificado,2020-08-01,2021-05-29
482,19/Adm 03 P,54,102710,25,0,Sala 02,Concluída,Não especificado,2019-02-13,2019-02-13
483,19/Adm 12 P,54,151226,25,0,Sala 02,Concluída,Não especificado,2020-08-01,2021-06-26
485,19/Adm 15 A,54,120289,25,0,Sala 01,Concluída,Não especificado,2020-08-05,2021-06-09
486,19/Adm 11 A,54,102712,25,0,Sala 01,Extinta,Não especificado,2020-08-01,2020-10-17
487,19/Adm 15 I,54,120288,25,0,Lab 01,Concluída,Não especificado,2020-08-05,2021-05-26
488,19/Adm 05 A,54,102712,25,0,Sala 01,Concluída,Não especificado,2020-08-04,2020-10-20
489,19/Adm 15 P,54,151226,25,0,Sala 02,Concluída,Não especificado,2020-08-05,2021-05-26
490,19/Adm 11 I,54,102709,25,0,Lab 01,Junção,Não especificado,2020-08-01,2020-10-17
491,20/Adm 08 A,54,102712,25,0,Sala 01,Junção,Não especificado,2020-08-05,2021-07-07
492,19/Adm 05 I,54,102709,25,0,Lab 01,Concluída,Não especificado,2020-08-04,2020-10-20
493,19/Adm 11 P,54,102710,25,0,Sala 02,Extinta,Não especificado,2020-08-01,2020-10-17
494,20/Adm 04 A,54,120289,25,0,Sala 01,Concluída,Não especificado,2020-08-01,2021-08-21
495,20/Adm 08 I,54,102709,25,0,Lab 01,Junção,Não especificado,2020-08-05,2021-07-07
496,19/Adm 05 P,54,102710,25,0,Sala 02,Concluída,Não especificado,2020-08-04,2020-12-15
497,20/Adm 04 I,54,120288,25,0,Lab 01,Concluída,Não especificado,2020-08-01,2021-10-23
498,20/Adm 08 P,54,102710,25,0,Sala 02,Junção,Não especificado,2020-08-05,2021-05-26
500,20/Adm 04 P,54,151226,25,0,Sala 02,Concluída,Não especificado,2020-08-01,2021-09-11
501,19/Adm 04 A,54,102712,25,0,Sala 01,Concluída,Não especificado,2020-08-05,2020-10-21
502,19/Adm 04 I,54,102709,25,0,Lab 01,Concluída,Não especificado,2020-08-05,2020-10-21
503,19/Adm 08 A,54,102712,25,0,Sala 01,Concluída,Não especificado,2020-08-04,2020-11-17
504,19/Adm 04 P,54,102710,25,0,Sala 02,Concluída,Não especificado,2020-08-05,2020-10-21
505,20/Adm 06 A,54,122537,25,0,Sala 01,Concluída,Não especificado,2020-08-05,2022-02-02
506,20/Adm 06 I,54,120288,25,0,Lab 01,Concluída,Não especificado,2020-08-05,2022-01-05
507,20/Adm 06 P,54,151226,25,0,Sala 02,Concluída,Não especificado,2020-08-05,2022-01-19
508,19/Adm 17 A,54,120289,25,0,Sala 01,Concluída,Não especificado,2020-08-06,2021-10-07
509,19/Adm 17 I,54,120288,25,0,Lab 01,Concluída,Não especificado,2020-08-06,2021-07-29
510,19/Adm 17 P,54,151226,25,0,Sala 02,Concluída,Não especificado,2020-08-06,2021-08-19
512,19/Adm 10 A,54,102712,25,0,Sala 01,Concluída,Não especificado,2020-08-06,2020-11-26
513,19/Adm 08 I,54,102709,25,0,Lab 01,Concluída,Não especificado,2020-08-04,2020-11-17
514,19/Adm 08 P,54,102710,25,0,Sala 02,Concluída,Não especificado,2020-08-04,2020-11-17
515,19/Adm 10 I,54,102709,25,0,Lab 01,Concluída,Não especificado,2020-08-06,2020-11-26
516,19/Adm 13 A,54,120289,25,0,Sala 01,Concluída,Não especificado,2020-08-04,2021-05-25
518,19/Adm 10 P,54,102710,25,0,Sala 02,Concluída,Não especificado,2020-08-06,2020-11-26
519,20/Adm 05 A,54,120289,25,0,Sala 01,Concluída,Não especificado,2020-08-06,2021-09-09
520,20/Adm 05 I,54,120288,25,0,Lab 01,Concluída,Não especificado,2020-08-06,2021-08-19
521,20/Adm 05 P,54,151226,25,0,Sala 02,Concluída,Não especificado,2020-08-06,2021-09-23
522,19/Adm 13 I,54,120288,25,0,Lab 01,Concluída,Não especificado,2020-08-04,2021-05-25
524,19/Adm 13 P,54,151226,25,0,Sala 02,Concluída,Não especificado,2020-08-04,2021-05-25
525,19/Adm 16 A,54,120289,25,0,Sala 01,Concluída,Não especificado,2020-08-06,2021-06-17
526,19/Adm 16 I,54,120288,25,0,Lab 01,Concluída,Não especificado,2020-08-06,2021-05-27
527,19/Adm 16 P,54,151226,25,0,Sala 02,Concluída,Não especificado,2020-08-06,2021-05-27
528,20/Adm 07 A,54,122537,25,0,Sala 01,Concluída,Não especificado,2020-08-06,2022-04-21
529,20/Adm 07 I,54,120288,25,0,Lab 01,Concluída,Não especificado,2020-08-06,2022-04-07
530,20/Adm 07 P,54,151226,25,0,Sala 02,Concluída,Não especificado,2020-08-06,2022-06-02
531,20/Adm 02 A,54,102712,25,0,Sala 01,Extinta,Não especificado,2020-08-06,2021-02-18
532,20/Adm 02 I,54,102709,25,0,Lab 01,Junção,Não especificado,2020-08-06,2020-11-05
533,20/Adm 02 P,54,102710,25,0,Sala 02,Junção,Não especificado,2020-08-06,2020-11-05
536,20/Adm 12 A,54,122537,30,0,Sala 01,Concluída,Não especificado,2020-09-05,2022-04-23
537,20/Adm 12 I,54,120288,30,0,Lab 01,Concluída,Não especificado,2020-09-05,2022-01-29
538,20/Adm 12 P,54,151226,30,0,Sala 02,Concluída,Não especificado,2020-09-05,2022-01-08
539,20/Fma 08,52,102711,39,0,Sala 02,Concluída,Não especificado,2020-09-01,2021-08-24
541,20/Adm 09 A,54,102712,27,0,Sala 01,Junção,Não especificado,2020-08-04,2021-06-15
542,20/Adm 09 I,54,102709,27,0,Sala 02,Junção,Não especificado,2020-08-04,2021-04-20
543,20/Adm 09 P,54,102710,27,0,Sala 01,Junção,Não especificado,2020-08-04,2021-04-20
544,20/Fma 07,52,102711,44,0,Sala 02,Concluída,Não especificado,2020-08-01,2021-07-24
545,20/Adm 11 A,54,102712,26,0,Sala 01,Extinta,Não especificado,2020-08-04,2021-05-04
546,20/Adm 11 I,54,102709,26,0,Lab 01,Extinta,Não especificado,2020-08-04,2021-03-16
547,20/Adm 11 P,54,102710,26,0,Sala 02,Extinta,Não especificado,2020-08-04,2021-03-16
551,20/Adm 13 A,54,102712,29,0,Sala 01,Junção,Não especificado,2020-09-16,2021-06-23
552,20/Adm 13 I,54,102709,29,0,Lab 01,Junção,Não especificado,2020-09-16,2021-03-17
553,20/Adm 13 P,54,102710,29,0,Sala 02,Junção,Não especificado,2020-09-16,2021-03-17
554,19/Fma 06,52,102711,30,0,Sala 01,Concluída,Não especificado,2020-08-06,2021-07-03
555,Concluidas Adm/Financeiro,54,102713,300,0,Auditório,Concluída,Não especificado,2020-08-17,2020-08-17
556,20/Adm 14 A,54,138261,25,0,Sala 01,Concluída,Não especificado,2020-09-23,2022-09-21
557,20/Adm 14 P,54,151226,25,0,Sala 02,Concluída,Não especificado,2020-09-23,2022-06-29
558,20/Adm 14 I,54,120288,25,0,Lab 01,Concluída,Não especificado,2020-09-23,2022-08-31
559,20/Fma 09,52,102711,47,0,Auditório,Concluída,Não especificado,2020-10-01,2021-09-30
562,20/Adm 15 A,54,122537,25,0,Sala 01,Extinta,Não especificado,2020-10-07,2022-04-13
563,20/Adm 15 P,54,151226,25,0,Sala 02,Extinta,Não especificado,2020-10-07,2022-02-16
565,20/Adm 15 I,54,120288,25,0,Lab 01,Extinta,Não especificado,2020-10-07,2022-02-16
566,20/Eng 04,53,102714,15,0,Sala 01,Junção,Não especificado,2020-10-26,2021-05-10
576,20/Adm 16 A,54,122537,28,0,Sala 01,Extinta,Não especificado,2020-10-21,2022-02-02
577,20/Adm 16 I,54,120288,28,0,Lab 01,Extinta,Não especificado,2020-10-21,2022-04-06
578,20/Adm 16 P,54,151226,28,0,Sala 01,Extinta,Não especificado,2020-10-21,2022-02-02
579,20/Fma 10,52,102711,43,0,Lab 02,Concluída,Não especificado,2020-10-22,2021-09-30
580,20/Adm 17 A,54,138261,30,0,Sala 01,Concluída,Não especificado,2020-11-07,2022-02-12
581,20/Adm 17 P,54,151226,30,0,Sala 02,Concluída,Não especificado,2020-11-07,2022-02-12
582,20/Adm 17 I,54,120288,30,0,Lab 01,Concluída,Não especificado,2020-11-07,2022-02-12
584,20/Fma 11,52,102711,38,0,Lab 02,Concluída,Não especificado,2020-11-18,2021-10-27
586,20/Adm 18 A,54,122537,27,0,Sala 01,Extinta,Não especificado,2020-11-24,2022-05-03
587,20/Adm 18 I,54,120288,27,0,Lab 01,Extinta,Não especificado,2020-11-24,2022-04-12
588,20/Adm 18 P,54,151226,27,0,Sala 02,Extinta,Não especificado,2020-11-24,2022-05-17
591,20/Fma 12,52,102711,40,0,Sala 01,Concluída,Não especificado,2020-12-02,2021-11-24
592,20/Adm 19 A,54,120289,28,0,Sala 02,Junção,Não especificado,2020-12-01,2021-06-22
593,20/Adm 19 I,54,120288,28,0,Lab 01,Junção,Não especificado,2020-12-01,2021-11-23
594,20/Adm 19 P,54,151226,28,0,Sala 01,Junção,Não especificado,2020-12-01,2021-09-28
597,21/Eng 01,53,133425,20,0,Sala 02,Concluída,Não especificado,2021-01-20,2022-08-29
598,21/Fma 02,52,102711,30,0,Sala 01,Concluída,Não especificado,2021-01-28,2022-03-17
599,21/Fma 01,52,102711,43,0,Sala 02,Concluída,Não especificado,2021-01-12,2021-12-07
600,21/Adm 01 A,54,138261,30,0,Sala 01,Concluída,Não especificado,2021-01-14,2022-11-24
601,21/Adm 01 I,54,120288,30,0,Lab 01,Concluída,Não especificado,2021-01-14,2022-11-24
603,21/Adm 01 P,54,151226,30,0,Sala 02,Concluída,Não especificado,2021-01-14,2022-09-08
604,21/Adm 02 A,54,120289,25,0,Sala 01,Junção,Não especificado,2021-01-23,2021-06-26
605,21/Adm 02 I,54,120288,25,0,Lab 01,Junção,Não especificado,2021-01-23,2021-09-11
606,21/Adm 02 P,54,151226,25,0,Sala 02,Junção,Não especificado,2021-01-23,2022-01-08
607,Concluidas,52,102711,300,0,Auditório,Concluída,Não especificado,2020-12-07,2020-12-07
608,Concluidas/ Resgates,53,102714,300,0,Auditório,Concluída,Não especificado,2020-12-07,2022-06-12
609,21/Adm 03 A,54,122537,28,0,Sala 01,Extinta,Não especificado,2021-02-24,2022-03-30
610,21/Adm 03 I,54,120288,28,0,Lab 01,Extinta,Não especificado,2021-02-24,2022-02-23
611,21/Adm 03 P,54,151226,28,0,Sala 02,Extinta,Não especificado,2021-02-24,2022-01-19
612,21/Adm 04 A,54,138261,30,0,Sala 01,Concluída,Não especificado,2021-02-27,2022-11-12
613,21/Adm 04 I,54,120288,30,0,Lab 01,Concluída,Não especificado,2021-02-27,2022-12-03
614,21/Adm 04 P,54,151226,30,0,Sala 02,Concluída,Não especificado,2021-02-27,2022-10-29
627,21/Fma 03,52,102711,20,0,Lab 02,Concluída,Não especificado,2021-03-11,2022-03-24
632,21/Adm 05 A,54,138261,25,0,Sala 01,Concluída,Não especificado,2021-03-18,2022-12-29
633,21/Adm 05 I,54,120288,25,0,Sala 02,Concluída,Não especificado,2021-03-18,2022-11-17
634,21/Adm 05 P,54,151226,25,0,Sala 03,Concluída,Não especificado,2021-03-18,2023-03-30
643,21/Adm 06 A,54,102713,35,0,Sala 01,Concluída,Não especificado,2021-03-23,2023-04-25
644,21/Adm 06 I,54,102713,35,0,Lab 01,Concluída,Não especificado,2021-03-23,2023-01-31
645,21/Adm 06 P,54,151226,35,0,Sala 02,Concluída,Não especificado,2021-03-23,2022-11-29
648,21/Eng 02,53,133425,20,0,Lab 01,Concluída,Não especificado,2021-04-27,2022-11-29
649,21/Fma 04,52,102711,20,0,Lab 02,Concluída,Não especificado,2021-03-31,2022-04-06
659,21/Adm 07 A,54,120289,29,0,Sala 01,Junção,Não especificado,2021-04-27,2022-03-15
660,21/Adm 07 I,54,120288,29,0,Lab 01,Junção,Não especificado,2021-04-27,2021-11-09
661,21/Adm 07 P,54,151226,29,0,Sala 02,Junção,Não especificado,2021-04-27,2021-11-30
664,21/Adm 08 A,54,120289,26,0,Sala 01,Junção,Não especificado,2021-05-11,2021-08-10
665,21/Adm 08 I,54,120288,26,0,Lab 01,Junção,Não especificado,2021-05-11,2021-11-23
666,21/Adm 08 P,54,151226,26,0,Sala 02,Junção,Não especificado,2021-05-11,2021-08-10
667,21/Fma 05,52,102711,40,0,Lab 02,Concluída,Não especificado,2021-05-08,2022-05-21
668,21/Fma 06,52,102711,20,0,Sala 02,Concluída,Não especificado,2021-05-11,2022-06-21
670,21/Eng 03,53,133425,20,0,Lab 01,Concluída,Não especificado,2021-06-05,2023-02-11
671,21/Adm 09 A,54,122537,25,0,Sala 01,Extinta,Não especificado,2021-06-01,2022-06-28
672,21/Adm 09 I,54,120288,25,0,Lab 01,Extinta,Não especificado,2021-06-01,2022-03-29
673,21/Adm 09 P,54,151226,25,0,Sala 02,Extinta,Não especificado,2021-06-01,2022-05-10
675,21/Adm 10 A,54,122537,24,0,Sala 01,Extinta,Não especificado,2021-06-16,2022-01-19
676,21/Adm 10 I,54,120288,24,0,Lab 01,Extinta,Não especificado,2021-06-16,2021-12-01
677,21/Adm 10 P,54,151226,24,0,Sala 02,Extinta,Não especificado,2021-06-16,2021-12-15
680,21/Fma 07,52,102711,30,0,Auditório,Concluída,Não especificado,2021-06-23,2022-07-13
682,21/Adm 11 I,54,147587,31,0,Sala 01,Concluída,Não especificado,2021-07-17,2023-03-25
683,21/Adm 11 A,54,147588,31,0,Sala 02,Concluída,Não especificado,2021-07-17,2023-04-29
684,21/Adm 11 P,54,151226,31,0,Sala 02,Concluída,Não especificado,2021-07-17,2023-03-25
686,21/Adm 12 A,54,138261,25,0,Sala 01,Junção,Não especificado,2021-07-29,2023-04-06
687,21/Adm 12 I,54,102713,25,0,Lab 01,Junção,Não especificado,2021-07-29,2022-12-15
688,21/Adm 12 P,54,151226,25,0,Sala 02,Junção,Não especificado,2021-07-29,2022-06-30
689,21/Fma 08,52,102711,20,0,Auditório,Concluída,Não especificado,2021-07-21,2022-07-27
695,21/Eng 04,53,133425,20,0,Lab 01,Concluída,Não especificado,2021-08-24,2023-05-30
696,21/Fma 09,52,102711,40,0,Auditório,Concluída,Não especificado,2021-08-14,2022-09-10
699,21/Adm 13 I,54,147587,25,0,Lab 01,Concluída,Não especificado,2021-08-19,2023-04-13
700,21/Adm 13 P,54,151226,25,0,Lab 02,Concluída,Não especificado,2021-08-19,2023-04-13
701,21/Adm 13 A,54,153481,25,0,Lab 01,Concluída,Não especificado,2021-08-19,2023-04-13
702,21/Adm 14 P,54,151226,27,0,Sala 01,Extinta,Não especificado,2021-08-31,2022-04-12
703,21/Adm 14 I,54,120288,27,0,Lab 01,Extinta,Não especificado,2021-08-31,2022-04-12
704,21/Adm 14 A,54,122537,27,0,Sala 02,Extinta,Não especificado,2021-08-31,2022-04-12
706,21/Fma 10,52,102711,30,0,Sala 02,Concluída,Não especificado,2021-09-14,2022-10-11
707,21/Eng 05,53,133425,15,0,Lab 01,Extinta,Não especificado,2021-09-29,2022-09-27
708,21/Adm 15 A,54,147588,25,0,Lab 01,Concluída,Não especificado,2021-09-14,2023-07-11
709,21/Adm 15 P,54,151226,25,0,Lab 01,Concluída,Não especificado,2021-09-14,2023-07-04
710,21/Adm 15 I,54,147587,25,0,Lab 02,Concluída,Não especificado,2021-09-14,2023-07-04
712,21/Adm 16 A,54,102713,27,0,Lab 01,Junção,Não especificado,2021-09-28,2023-04-25
713,21/Adm 16 I,54,102713,26,0,Lab 02,Junção,Não especificado,2021-09-28,2022-08-09
715,21/Adm 16 P,54,151226,26,0,Lab 03,Junção,Não especificado,2021-09-28,2023-02-14
718,21/Fma 11,52,102711,30,0,Lab 01,Concluída,Não especificado,2021-10-14,2022-10-20
720,21/Adm 17 P,54,151226,30,0,Lab 02,Junção,Não especificado,2021-10-21,2023-02-22
721,21/Adm 17 I,54,102713,30,0,Lab 01,Junção,Não especificado,2021-10-21,2022-11-30
722,21/Adm 17 A,54,102713,30,0,Lab 01,Junção,Não especificado,2021-10-21,2023-02-08
723,21/Fma 12,52,102711,30,0,Auditório,Concluída,Não especificado,2021-11-24,2022-12-07
724,21/Adm 18 A,54,153481,25,0,Lab 01,Concluída,Não especificado,2021-11-27,2023-07-22
725,21/Adm 18 I,54,147587,25,0,Lab 01,Concluída,Não especificado,2021-11-27,2023-07-22
726,21/Adm 18 P,54,151226,25,0,Lab 01,Concluída,Não especificado,2021-11-27,2023-07-22
727,"22/Eng 01 ""A""",53,133425,35,0,Auditório,Junção,Não especificado,2022-01-08,2023-07-01
731,22/Adm 01 A,54,138261,25,0,Lab 01,Junção,Não especificado,2022-01-17,2022-01-17
732,22/Adm 01 I,54,120288,25,0,Lab 01,Junção,Não especificado,2022-01-17,2022-01-17
733,22/Adm 01 P,54,151226,25,0,Lab 01,Junção,Não especificado,2022-01-17,2022-01-17
736,22/Fma 01,52,102711,40,0,Sala 02,Concluída,Não especificado,2022-01-22,2023-01-21
738,22/Adm 02 A,54,153481,12,0,Sala 01,Concluída,Não especificado,2022-01-24,2023-08-29
739,22/Adm 02 P,54,151226,12,0,Sala 02,Concluída,Não especificado,2022-01-24,2023-08-29
740,22/Adm 02 I,54,147587,12,0,Lab 02,Concluída,Não especificado,2022-01-24,2023-08-29
744,22/Fma 02 J,52,102711,25,0,Sala 03,Extinta,Não especificado,2022-02-07,2022-05-09
745,22/Adm 03 A,54,153481,9,0,Sala 01,Concluída,Não especificado,2022-02-23,2023-11-01
747,22/Adm 03 P,54,151226,9,0,Sala 01,Concluída,Não especificado,2022-02-23,2023-11-01
748,22/Adm 03 I,54,147587,9,0,Lab 01,Concluída,Não especificado,2022-02-23,2023-11-01
753,22/Adm 04 A,54,153481,20,0,Sala 01,Concluída,Não especificado,2022-02-26,2023-10-07
754,22/Adm 04 P,54,151226,20,0,Sala 02,Concluída,Não especificado,2022-02-26,2023-10-07
755,22/Adm 04 I,54,147587,20,0,Lab 01,Concluída,Não especificado,2022-02-26,2023-10-07
757,22/Fma 02,52,102711,29,0,Sala 02,Concluída,Não especificado,2022-03-05,2023-03-04
759,22/Eng 02,53,133425,7,3,Sala 03,Concluída,Não especificado,2022-04-05,2023-11-14
767,22/Adm 05 P,54,151226,9,0,Sala 01,Concluída,Não especificado,2022-03-30,2023-11-29
768,22/Adm 05 I,54,147587,9,0,Lab 01,Concluída,Não especificado,2022-03-30,2023-11-29
769,22/Adm 05 A,54,153481,9,0,Sala 01,Concluída,Não especificado,2022-03-30,2023-12-20
770,22/Fma 03,52,102711,30,0,Sala 02,Concluída,Não especificado,2022-05-12,2023-04-13
772,22/ENG 01 'B',53,133425,16,3,Sala 01,Concluída,Não especificado,2022-03-19,2023-11-18
773,22/Eng 03,53,133425,7,0,Sala 02,Concluída,Não especificado,2022-05-19,2023-12-14
774,22/Adm 06 I,54,147587,25,0,Lab 02,Junção,Não especificado,2022-05-17,2023-01-03
775,22/Adm 06 P,54,151226,25,0,Sala 02,Junção,Não especificado,2022-05-17,2023-05-23
776,22/Adm 06 A,54,147588,25,0,Sala 02,Junção,Não especificado,2022-05-17,2023-05-23
777,22/Adm 07 A,54,153481,17,7,Lab 01,Concluída,Não especificado,2022-06-22,2024-01-17
778,22/Adm 07 P,54,151226,17,7,Sala 01,Concluída,Não especificado,2022-06-22,2024-01-17
779,22/Adm 07 I,54,162974,17,7,Lab 01,Concluída,Não especificado,2022-06-22,2024-01-17
780,22/Fma 04,52,102711,26,0,Lab 02,Concluída,Não especificado,2022-06-23,2023-07-20
781,22/Fma 05,52,102711,30,0,Lab 02,Concluída,Não especificado,2022-07-19,2023-07-11
782,22/Eng 04,53,133425,15,0,Sala 01,Junção,Não especificado,2022-08-10,2023-03-01
783,22/Adm 08 A,54,153481,27,0,Lab 01,Junção,Não especificado,2022-07-13,2023-03-08
784,22/Adm 08 I,54,147587,27,0,Sala 01,Junção,Não especificado,2022-07-13,2023-07-12
785,22/Adm 08 P,54,151226,27,0,Sala 02,Junção,Não especificado,2022-07-13,2023-03-01
786,22/Adm 09 A,54,153481,22,0,Sala 01,Concluída,Não especificado,2022-08-11,2024-03-07
787,22/Adm 09 I,54,162974,22,0,Lab 01,Concluída,Não especificado,2022-08-11,2024-03-07
788,22/Adm 09 P,54,151226,22,0,Sala 01,Concluída,Não especificado,2022-08-11,2024-03-07
789,22/Fma 06,52,102711,9,0,Sala 02,Concluída,Não especificado,2022-08-31,2023-08-30
790,22/Fma 07,52,102711,17,0,Sala 02,Concluída,Não especificado,2022-09-10,2023-08-26
791,22/Adm 10 P,54,151226,19,0,Sala 01,Concluída,Não especificado,2022-09-08,2024-05-02
792,22/Adm 10 A,54,153481,19,0,Sala 01,Concluída,Não especificado,2022-09-08,2024-05-02
793,22/Adm 10 I,54,162974,19,0,Lab 01,Concluída,Não especificado,2022-09-08,2024-05-02
794,22/Adm 11 A,54,153481,17,0,Sala 01,Concluída,Não especificado,2022-10-11,2024-05-14
795,22/Adm 11 P,54,151226,17,0,Sala 01,Concluída,Não especificado,2022-10-11,2024-07-30
796,22/Adm 11 I,54,166601,17,0,Lab 01,Concluída,Não especificado,2022-10-11,2024-05-14
797,22/Adm 12 A,54,153481,17,0,Sala 01,Concluída,Não especificado,2022-10-15,2024-05-18
798,22/Adm 12 I,54,162974,17,0,Sala 02,Concluída,Não especificado,2022-10-15,2024-05-18
799,22/Adm 12 P,54,166935,17,0,Sala 01,Concluída,Não especificado,2022-10-15,2024-05-18
800,22/Eng 05,53,166591,6,0,Sala 02,Concluída,Não especificado,2022-10-19,2024-04-24
801,22/Eng 06,53,166591,7,0,Lab 03,Junção,Não especificado,2022-11-09,2024-05-29
802,22/Adm 13 A,54,153481,15,3,Sala 01,Concluída,Não especificado,2022-11-23,2024-06-19
803,22/Adm 13 I,54,170205,15,3,Lab 01,Concluída,Não especificado,2022-11-23,2024-06-19
804,22/Adm 13 P,54,166935,15,3,Sala 01,Concluída,Não especificado,2022-11-23,2024-06-19
805,22/Fma 08,52,155675,6,1,Não definida,Concluída,Não especificado,2022-11-16,2023-12-13
806,22/Fma 09,52,155675,13,0,Sala 02,Concluída,Não especificado,2022-12-06,2023-11-21
807,22/Adm 14 A,54,153481,24,5,Sala 01,Concluída,Não especificado,2022-12-07,2024-06-19
808,22/Adm 14 I,54,170205,24,5,Lab 01,Concluída,Não especificado,2022-12-07,2024-06-19
809,22/Adm 14 P,54,172378,24,5,Sala 01,Concluída,Não especificado,2022-12-07,2024-06-19
810,23/Eng 01,53,166591,7,0,Sala 03,Junção,Não especificado,2023-01-10,2024-06-18
811,23/Fma 01,52,155675,25,1,Sala 02,Concluída,Não especificado,2023-01-21,2023-12-30
812,23/Cd 01,55,166280,14,1,Sala 02,Extinta,Não especificado,2023-02-11,2023-11-25
813,23/Adm 01 A,54,153481,25,0,Sala 01,Junção,Não especificado,2023-01-17,2023-08-15
814,23/Adm 01 I,54,147587,25,0,Sala 01,Junção,Não especificado,2023-01-17,2023-08-15
815,23/Adm 01 P,54,151226,25,0,Sala 01,Junção,Não especificado,2023-01-17,2023-08-15
816,23/Adm 03 A,54,153481,26,0,Sala 01,Concluída,Não especificado,2023-02-09,2024-09-26
817,23/Adm 03 I,54,170205,26,0,Lab 01,Concluída,Não especificado,2023-02-09,2024-10-03
818,23/Adm 03 P,54,172378,26,0,Sala 01,Concluída,Não especificado,2023-02-09,2024-10-10
819,23/Adm 02 A,54,153481,20,0,Sala 01,Concluída,Não especificado,2023-02-07,2024-07-09
820,23/Adm 02 I,54,170205,20,0,Lab 01,Concluída,Não especificado,2023-02-07,2024-07-09
821,23/Adm 02 P,54,172378,20,0,Sala 01,Concluída,Não especificado,2023-02-07,2024-06-25
822,23/Fma 02,52,166280,14,0,Sala 02,Concluída,Não especificado,2023-03-09,2024-03-14
823,23/Eng 02,53,166591,7,0,Sala 03,Concluída,Não especificado,2023-03-09,2024-09-26
824,23/Cd 00,55,102711,30,0,Sala 02,Junção,Não especificado,2023-05-30,2023-06-20
825,23/Adm 04 A,54,153481,29,0,Não definida,Concluída,Não especificado,2023-03-16,2024-12-12
826,23/Adm 04 I,54,173305,29,0,Não definida,Concluída,Não especificado,2023-03-16,2024-12-12
827,23/Adm 04 P,54,172378,29,0,Não definida,Concluída,Não especificado,2023-03-16,2024-12-12
828,23/Eng 03,53,166591,12,0,Não definida,Concluída,Não especificado,2023-03-25,2024-09-21
829,23/Fma 03,52,166280,15,0,Não definida,Concluída,Não especificado,2023-05-10,2024-06-12
830,"23/Adm 05 ""P""",54,153481,22,2,Sala 01,Concluída,Não especificado,2023-04-15,2024-11-23
831,"23/Adm 05 ""I""",54,173305,22,2,Lab 01,Concluída,Não especificado,2023-04-15,2024-11-23
832,"23/Adm 05 ""A""",54,174088,22,2,Sala 01,Concluída,Não especificado,2023-04-15,2024-11-23
833,23/Adm 06 A,54,174088,31,1,Sala 01,Concluída,Não especificado,2023-05-02,2024-10-22
834,23/Adm 06 I,54,173305,31,1,Lab 01,Concluída,Não especificado,2023-05-02,2024-10-22
835,23/Adm 06 P,54,153481,31,1,Sala 01,Concluída,Não especificado,2023-05-02,2024-10-22
836,23/Eng 04,53,166591,10,0,Não definida,Extinta,Não especificado,2023-05-24,2024-12-03
837,23/Adm 07 A,54,174088,27,0,Não definida,Concluída,Não especificado,2023-05-23,2024-11-26
838,23/Adm 07 I,54,173305,27,0,Não definida,Concluída,Não especificado,2023-05-23,2024-11-26
839,23/Adm 07 P,54,153481,27,0,Não definida,Concluída,Não especificado,2023-05-23,2024-11-26
840,"23/Adm 05 B ""P""",54,172378,29,0,Sala 01,Junção,Não especificado,2023-05-06,2024-11-23
841,"23/Adm 05 B ""I""",54,173305,29,0,Lab 01,Junção,Não especificado,2023-05-06,2024-11-23
842,"23/Adm 05 B ""A""",54,153481,29,0,Sala 01,Junção,Não especificado,2023-05-06,2024-11-23
843,23/Adm 08 A,54,153481,27,0,Sala 01,Junção,Não especificado,2023-06-14,2024-05-22
844,23/Adm 08 I,54,170205,27,0,Não definida,Junção,Não especificado,2023-06-14,2024-05-22
845,23/Adm 08 P,54,151226,27,0,Não definida,Junção,Não especificado,2023-06-14,2024-05-22
846,23/Adm 09 P,54,153481,33,0,Não definida,Concluída,Não especificado,2023-06-22,2025-01-16
847,23/Adm 09 I,54,173305,33,0,Não definida,Concluída,Não especificado,2023-06-22,2025-01-16
848,23/Adm 09 A,54,174088,33,0,Não definida,Concluída,Não especificado,2023-06-22,2025-01-16
849,23/Adm 07 A 2,54,153481,26,,Não definida,Extinta,Não especificado,2023-05-23,2023-08-15
850,23/Adm 07 I 2,54,147587,25,,Não definida,Extinta,Não especificado,2023-05-23,2023-08-15
851,23/Fma 04,52,166280,13,1,Não definida,Concluída,Não especificado,2023-06-27,2024-07-02
852,23/Eng 05,53,166591,13,0,Não definida,Junção,Não especificado,2023-07-18,2024-07-09
853,23/Fma 05,52,166280,25,0,Não definida,Concluída,Não especificado,2023-07-27,2024-07-11
854,23/Adm 10 A,54,174088,29,0,Não definida,Concluída,Não especificado,2023-09-12,2025-03-18
855,23/Adm 10 P,54,153481,29,0,Não definida,Concluída,Não especificado,2023-09-12,2025-03-25
856,23/Adm 10 I,54,173305,29,0,Não definida,Concluída,Não especificado,2023-09-12,2025-03-18
857,23/Adm 11 A,54,174088,29,0,Não definida,Concluída,Não especificado,2023-09-26,2025-04-29
858,23/Adm 11 I,54,153481,29,0,Não definida,Concluída,Não especificado,2023-09-26,2025-05-06
859,23/Adm 11 P,54,179903,29,0,Não definida,Concluída,Não especificado,2023-09-26,2025-04-29
860,23/Cd 03,55,155675,25,0,Não definida,Extinta,Não especificado,2023-09-26,2024-08-27
861,23/Fma 06,52,173306,28,0,Sala 04,Concluída,Não especificado,2023-10-26,2024-10-24
862,23/Eng 06,53,166591,18,0,Não definida,Concluída,Não especificado,2023-10-07,2025-05-10
863,23/Cd 02,55,155675,15,0,Não definida,Junção,Não especificado,2023-09-30,2024-03-09
864,23/Adm 12 A,54,174088,31,0,Não definida,Concluída,Não especificado,2023-10-25,2025-06-11
865,23/Adm 12 I,54,153481,31,0,Não definida,Concluída,Não especificado,2023-10-25,2025-06-11
866,23/Adm 12 P,54,179903,31,0,Não definida,Concluída,Não especificado,2023-10-25,2025-06-11
867,23/Adm 13 A,54,174088,30,0,Não definida,Concluída,Não especificado,2023-12-02,2025-07-05
868,23/Adm 13 I,54,180847,30,0,Não definida,Concluída,Não especificado,2023-12-02,2025-07-05
869,23/Adm 13 P,54,151226,30,0,Não definida,Extinta,Não especificado,2023-12-02,2024-02-24
870,23/Adm 14 A,54,174088,30,6,Não definida,Ativa,Não especificado,2023-12-06,2025-07-02
871,23/Adm 14 I,54,180847,30,6,Não definida,Ativa,Não especificado,2023-12-06,2025-07-02
872,23/Adm 14 P,54,179903,30,6,Não definida,Ativa,Não especificado,2023-12-06,2025-07-02
873,23/Fma 07,52,166280,30,0,Não definida,Junção,Não especificado,2023-11-07,2024-07-09
874,24/Fma 01,52,173306,30,0,Não definida,Concluída,Não especificado,2024-01-10,2024-12-18
875,24/Eng 01,53,166591,15,6,Não definida,Ativa,Não especificado,2024-03-19,2025-09-16
877,23/Adm 13  P,54,179903,38,0,Lab 02,Concluída,Não especificado,2023-12-02,2025-07-05
878,24/Adm 01 A,54,174088,30,13,Não definida,Ativa,Não especificado,2024-01-10,2025-08-06
879,24/Adm 01 I,54,180847,30,13,Não definida,Ativa,Não especificado,2024-01-10,2025-08-06
880,24/Adm 01 P,54,179903,30,13,Não definida,Ativa,Não especificado,2024-01-10,2025-08-06
881,24/Eng 02,53,166591,15,4,Não definida,Ativa,Não especificado,2024-01-11,2025-08-07
882,24/Fma 02,52,173306,30,0,Lab 01,Concluída,Não especificado,2024-03-09,2025-03-08
883,24/Adm 02 A,56,153481,25,0,Lab 01,Extinta,Não especificado,2024-03-07,2024-05-30
884,24/Adm 02 P,54,153481,25,0,Lab 02,Extinta,Não especificado,2024-03-07,2024-03-07
885,24/Adm 02 I,54,170205,25,0,Lab 03,Extinta,Não especificado,2024-03-07,2024-03-07
886,24/Adm 03 A,54,174088,30,10,Lab 01,Ativa,Não especificado,2024-03-19,2025-09-09
887,24/Adm 03 I,54,180847,30,10,Lab 01,Ativa,Não especificado,2024-03-19,2025-09-09
888,24/Adm 03 P,54,179903,30,10,Lab 02,Ativa,Não especificado,2024-03-19,2025-09-09
889,24/Adm 04 A,54,153481,25,0,Lab 01,Junção,Não especificado,2024-04-18,2024-07-11
891,24/Adm 04 P,54,166935,25,0,Lab 03,Junção,Não especificado,2024-04-18,2024-07-11
892,24/Adm 04 I,54,170205,25,0,Lab 02,Junção,Não especificado,2024-04-18,2024-07-11
893,24/Fma 03,52,173306,25,0,Sala 02,Concluída,Não especificado,2024-04-23,2025-06-03
894,24/Adm 05 A,54,153481,25,0,Lab 01,Extinta,Não especificado,2024-05-11,2024-08-03
895,24/Adm 05 P,54,166935,25,0,Lab 03,Extinta,Não especificado,2024-05-11,2024-08-03
896,24/Adm 05 I,54,170205,25,0,Não definida,Extinta,Não especificado,2024-05-11,2024-08-03
897,24/Eng 03,53,166591,15,0,Lab 03,Extinta,Não especificado,2024-07-09,2025-01-07
898,24/Adm 06 A,56,153481,20,0,Sala 01,Junção,Não especificado,2024-06-06,2024-08-29
899,24/Adm 06 P,56,166935,20,0,Sala 01,Junção,Não especificado,2024-06-06,2024-08-29
900,24/Adm 06 I,56,170205,20,0,Lab 01,Junção,Não especificado,2024-06-06,2024-08-29
901,24/Fma 04,52,173306,20,0,Não definida,Concluída,Não especificado,2024-06-27,2025-05-29
902,24/Adm 07 A 2.0,56,174088,29,11,Lab 01,Ativa,Não especificado,2024-06-19,2025-07-09
903,24/Adm 07 I 2.0,56,180847,29,11,Lab 02,Ativa,Não especificado,2024-06-19,2025-07-02
904,24/Adm 07 P 2.0,56,179903,29,11,Lab 03,Ativa,Não especificado,2024-06-19,2025-07-16
905,24/Adm 05 A 2.0,56,174088,25,24,Não definida,Ativa,Não especificado,2024-05-11,2025-06-21
906,24/Adm 05 P 2.0,56,179903,25,24,Não definida,Ativa,Não especificado,2024-05-11,2025-06-21
907,24/Adm 05 I 2.0,56,180847,25,24,Não definida,Ativa,Não especificado,2024-05-11,2025-06-14
908,24/Adm 02 A 2.0,56,174088,25,17,Lab 05,Ativa,Não especificado,2024-03-07,2025-06-19
909,24/Adm 02 I 2.0,56,180847,25,17,Não definida,Ativa,Não especificado,2024-03-07,2025-06-19
910,24/Adm 02 P 2.0,56,179903,25,17,Não definida,Ativa,Não especificado,2024-03-07,2025-06-26
911,24/Adm 04 A 2.0,56,174088,30,16,Não definida,Ativa,Não especificado,2024-04-18,2025-07-31
912,24/Adm 04 P 2.0,56,179903,30,16,Não definida,Ativa,Não especificado,2024-04-18,2025-07-31
913,24/Adm 04 I 2.0,56,180847,30,16,Não definida,Ativa,Não especificado,2024-04-18,2025-07-31
914,24/Adm 06 A 2.0,56,174088,30,25,Não definida,Ativa,Não especificado,2024-07-20,2026-02-14
915,24/Adm 06 I 2.0,56,180847,30,25,Não definida,Ativa,Não especificado,2024-07-20,2026-02-07
916,24/Adm 06 P 2.0,56,179903,30,25,Não definida,Ativa,Não especificado,2024-07-20,2026-02-14
917,24/Eng 03 2.0,57,166591,15,0,Sala 01,Extinta,Não especificado,2024-07-09,2025-07-29
918,24/Adm 08 A 2.0,56,174088,25,16,Sala 01,Ativa,Não especificado,2024-08-14,2025-08-27
919,24/Adm 08 P 2.0,56,179903,25,16,Sala 01,Ativa,Não especificado,2024-08-14,2025-08-27
920,24/Adm 08 I 2.0,56,180847,25,16,Lab 01,Ativa,Não especificado,2024-08-14,2025-08-20
921,24/Fma 05,52,173306,30,12,Lab 01,Ativa,Não especificado,2024-08-14,2025-07-23
922,24/Eng 04 2.0,57,166591,10,8,Não definida,Ativa,Não especificado,2024-09-05,2025-09-04
923,24/Adm 09 A 2.0,56,174088,25,13,Sala 01,Ativa,Não especificado,2024-09-03,2025-09-09
924,24/Adm 09 P 2.0,56,179903,25,13,Sala 01,Ativa,Não especificado,2024-09-03,2025-09-09
925,24/Adm 09 I 2.0,56,180847,25,13,Lab 01,Ativa,Não especificado,2024-09-03,2025-09-09
926,24/Fma 06,52,173306,25,25,Lab 01,Ativa,Não especificado,2024-09-14,2025-07-12
927,24/Adm 10 A 2.0,56,174088,25,17,Não definida,Ativa,Não especificado,2024-09-18,2025-07-09
928,24/Adm 10 P 2.0,56,179903,25,17,Não definida,Ativa,Não especificado,2024-09-18,2025-07-09
929,24/Adm 10 I 2.0,56,180847,25,17,Não definida,Ativa,Não especificado,2024-09-18,2025-07-02
930,24/Adm 11 I 2.0,56,180847,25,23,Lab 01,Ativa,Não especificado,2024-10-10,2026-04-30
931,24/Adm 11 A 2.0,56,174088,25,23,Sala 01,Ativa,Não especificado,2024-10-10,2026-04-30
932,24/Adm 11 P 2.0,56,179903,25,23,Não definida,Ativa,Não especificado,2024-10-10,2026-04-30
933,24/Fma 07,52,173306,25,12,Lab 01,Ativa,Não especificado,2024-10-22,2025-06-24
934,24/Eng 05 2.0,57,166591,15,23,Sala 03,Ativa,Não especificado,2024-11-09,2025-11-22
935,24/Adm 12 2.0 A,56,174088,24,0,Sala 01,Junção,Não especificado,2024-11-07,2026-05-21
936,24/Adm 12 2.0 P,56,179903,24,0,Sala 02,Junção,Não especificado,2024-11-07,2026-05-21
937,24/Adm 12 2.0 I,56,180847,24,0,Sala 01,Junção,Não especificado,2024-11-07,2026-05-21
938,24/Adm 13 P 2.0,56,179903,28,29,Não definida,Ativa,Não especificado,2024-11-23,2025-09-13
939,24/Adm 13 A 2.0,56,174088,28,29,Não definida,Ativa,Não especificado,2024-11-23,2025-09-13
940,24/Adm 13 T 2.0,56,180847,28,29,Não definida,Ativa,Não especificado,2024-11-23,2025-09-06
941,24/Fma 08,52,173306,25,16,Não definida,Ativa,Não especificado,2024-12-05,2025-07-31
942,24/Adm 14 A 2.0,56,174088,25,29,Sala 01,Ativa,Não especificado,2024-12-09,2025-07-07
943,24/Adm 14 I 2.0,56,180847,25,29,Sala 02,Ativa,Não especificado,2024-12-09,2025-06-30
944,24/Adm 14 P 2.0,56,179903,25,29,Sala 03,Ativa,Não especificado,2024-12-09,2025-07-07
945,25/Adm 01 A 2.0,56,174088,25,24,Não definida,Ativa,Não especificado,2025-01-07,2025-07-15
946,25/Adm 01 I 2.0,56,180847,25,24,Não definida,Ativa,Não especificado,2025-01-07,2025-07-08
947,25/Adm 01 P 2.0,56,179903,25,24,Não definida,Ativa,Não especificado,2025-01-07,2025-07-15
948,25/Eng 01 2.0,57,166591,15,13,Não definida,Ativa,Não especificado,2025-01-15,2025-07-09
949,25/Fma 01,52,173306,25,17,Não definida,Ativa,Não especificado,2025-02-04,2025-09-16
950,25/Adm 02 A 2.0,56,174088,25,25,Sala 01,Ativa,Não especificado,2025-01-30,2026-07-23
951,25/Adm 02 P 2.0,56,179903,25,25,Sala 01,Ativa,Não especificado,2025-01-30,2026-07-23
952,25/Adm 02 I 2.0,56,180847,25,25,Sala 02,Ativa,Não especificado,2025-01-30,2026-07-16
953,25/Fma 02,52,173306,20,22,Não definida,Ativa,Não especificado,2025-03-12,2025-10-15
954,25/Adm 03 A 2.0,56,174088,30,27,Não definida,Ativa,Não especificado,2025-03-06,2026-08-27
955,25/Adm 03 I 2.0,56,180847,30,27,Não definida,Ativa,Não especificado,2025-03-06,2026-08-20
956,25/Adm 03 P 2.0,56,179903,30,27,Não definida,Ativa,Não especificado,2025-03-06,2026-08-27
957,25/Eng 02 2.0,57,166591,20,13,Não definida,Ativa,Não especificado,2025-03-27,2025-09-18
958,25/Adm 04 2.0 A,56,174088,25,24,Não definida,Ativa,Não especificado,2025-04-08,2025-07-01
959,25/Adm 04 2.0 I,56,180847,25,24,Não definida,Ativa,Não especificado,2025-04-08,2025-07-01
960,25/Adm 04 2.0 P,56,179903,25,24,Não definida,Ativa,Não especificado,2025-04-08,2025-07-01
961,25/Adm 05 A 2.0,56,174088,25,25,Não definida,Ativa,Não especificado,2025-04-30,2025-07-23
962,25/Adm 05 I 2.0,56,180847,25,25,Não definida,Ativa,Não especificado,2025-04-30,2025-07-23
963,25/Adm 05 P 2.0,56,179903,25,25,Não definida,Ativa,Não especificado,2025-04-30,2025-07-23
964,25/Fma 03,58,173306,25,20,Não definida,Ativa,Não especificado,2025-04-26,2026-03-21
965,25/Eng 03 2.0,57,166591,20,22,Não definida,Ativa,Não especificado,2025-05-03,2025-10-18
966,25/Adm 06 A 2.0,56,174088,25,11,Sala 01,Ativa,Não especificado,2025-05-06,2025-07-29
967,25/Adm 06 P 2.0,56,179903,25,11,Sala 02,Ativa,Não especificado,2025-05-06,2025-07-29
968,25/Adm 06 I 2.0,56,180847,25,11,Sala 03,Ativa,Não especificado,2025-05-06,2025-07-29
969,25/Fma 04 2.0,58,173306,25,10,Não definida,Ativa,Não especificado,2025-06-10,2025-08-26
970,25 Eng/Infor - Kids 01,57,181177,20,11,Não definida,Ativa,Não especificado,2025-05-19,2026-11-09
971,25 Eng/Infor - Kids 02,57,181177,20,19,Não definida,Ativa,Não especificado,2025-05-19,2026-11-09
972,25/Adm 07 A 2.0,56,174088,25,30,Não definida,Ativa,Não especificado,2025-06-07,2025-08-30
973,25/Adm 07 P 2.0,56,179903,25,30,Não definida,Ativa,Não especificado,2025-06-07,2025-08-30
974,25/Adm 07 I 2.0,56,180847,25,30,Não definida,Ativa,Não especificado,2025-06-07,2025-08-30
975,25/Adm 08 A 2.0,56,174088,25,17,Não definida,Ativa,Não especificado,2025-06-09,2025-09-01
976,25/Adm 08 P 2.0,56,179903,25,17,Não definida,Ativa,Não especificado,2025-06-09,2026-11-30
977,25/Adm 08 I 2.0,56,180847,25,17,Não definida,Ativa,Não especificado,2025-06-09,2026-11-23
978,25/Eng 04 2.0,57,181177,15,5,Sala 01,Ativa,Não especificado,2025-06-17,2025-12-02
979,25 Eng/Infor - Kids 03,57,181177,20,7,Não definida,A Iniciar,Não especificado,2025-06-27,2025-12-12
980,25 Eng/Infor - Kids 04,57,181177,20,10,Não definida,A Iniciar,Não especificado,2025-06-27,2025-12-12
981,25/Adm 09 A 2.0,56,174088,25,12,Não definida,A Iniciar,Não especificado,2025-07-15,2026-12-22
982,25/Adm 09 I 2.0,56,180847,25,9,Não definida,A Iniciar,Não especificado,2025-07-15,2026-12-15
983,25/Adm 09 P 2.0,56,179903,25,9,Não definida,A Iniciar,Não especificado,2025-07-15,2026-12-22
